<?xml version="1.0" encoding="UTF-8"?>
<config xmlns="http://www.knime.org/2008/09/XMLConfig" xmlns:xsi="http://www.w3.org/2001/XMLSchema-instance" xsi:schemaLocation="http://www.knime.org/2008/09/XMLConfig http://www.knime.org/XMLConfig_2008_09.xsd" key="model.xml">
    <entry key="version" type="xint" value="1"/>
    <entry key="class_name" type="xstring" value="org.knime.base.data.normalize.NormalizerPortObject"/>
    <config key="model">
        <config key="columns">
            <config key="longitude">
                <entry key="column_name" type="xstring" value="longitude"/>
                <entry key="column_scale" type="xdouble" value="0.498886366546499"/>
                <entry key="column_translate" type="xdouble" value="59.651664608861864"/>
                <entry key="column_min" type="xdouble" value="NaN"/>
                <entry key="column_max" type="xdouble" value="NaN"/>
            </config>
            <config key="latitude">
                <entry key="column_name" type="xstring" value="latitude"/>
                <entry key="column_scale" type="xdouble" value="0.4690939246171046"/>
                <entry key="column_translate" type="xdouble" value="-16.7128281825375"/>
                <entry key="column_min" type="xdouble" value="NaN"/>
                <entry key="column_max" type="xdouble" value="NaN"/>
            </config>
            <config key="housing_median_age">
                <entry key="column_name" type="xstring" value="housing_median_age"/>
                <entry key="column_scale" type="xdouble" value="0.07937998753832463"/>
                <entry key="column_translate" type="xdouble" value="-2.27302792653483"/>
                <entry key="column_min" type="xdouble" value="NaN"/>
                <entry key="column_max" type="xdouble" value="NaN"/>
            </config>
            <config key="total_rooms">
                <entry key="column_name" type="xstring" value="total_rooms"/>
                <entry key="column_scale" type="xdouble" value="4.5304398483513513E-4"/>
                <entry key="column_translate" type="xdouble" value="-1.1934910803861778"/>
                <entry key="column_min" type="xdouble" value="NaN"/>
                <entry key="column_max" type="xdouble" value="NaN"/>
            </config>
            <config key="total_bedrooms">
                <entry key="column_name" type="xstring" value="total_bedrooms"/>
                <entry key="column_scale" type="xdouble" value="0.0023508407032756294"/>
                <entry key="column_translate" type="xdouble" value="-1.2634468669990349"/>
                <entry key="column_min" type="xdouble" value="NaN"/>
                <entry key="column_max" type="xdouble" value="NaN"/>
            </config>
            <config key="population">
                <entry key="column_name" type="xstring" value="population"/>
                <entry key="column_scale" type="xdouble" value="8.710062547120234E-4"/>
                <entry key="column_translate" type="xdouble" value="-1.2413139830899198"/>
                <entry key="column_min" type="xdouble" value="NaN"/>
                <entry key="column_max" type="xdouble" value="NaN"/>
            </config>
            <config key="households">
                <entry key="column_name" type="xstring" value="households"/>
                <entry key="column_scale" type="xdouble" value="0.0025955869093015446"/>
                <entry key="column_translate" type="xdouble" value="-1.2951235538620203"/>
                <entry key="column_min" type="xdouble" value="NaN"/>
                <entry key="column_max" type="xdouble" value="NaN"/>
            </config>
            <config key="median_income">
                <entry key="column_name" type="xstring" value="median_income"/>
                <entry key="column_scale" type="xdouble" value="0.5249329342445036"/>
                <entry key="column_translate" type="xdouble" value="-2.033604198534412"/>
                <entry key="column_min" type="xdouble" value="NaN"/>
                <entry key="column_max" type="xdouble" value="NaN"/>
            </config>
            <config key="ocean_proximity_encoded">
                <entry key="column_name" type="xstring" value="ocean_proximity_encoded"/>
                <entry key="column_scale" type="xdouble" value="1.770943814331137E-5"/>
                <entry key="column_translate" type="xdouble" value="-3.6635313714305706"/>
                <entry key="column_min" type="xdouble" value="NaN"/>
                <entry key="column_max" type="xdouble" value="NaN"/>
            </config>
            <config key="rooms_per_household">
                <entry key="column_name" type="xstring" value="rooms_per_household"/>
                <entry key="column_scale" type="xdouble" value="0.419979962223549"/>
                <entry key="column_translate" type="xdouble" value="-2.2796892441908665"/>
                <entry key="column_min" type="xdouble" value="NaN"/>
                <entry key="column_max" type="xdouble" value="NaN"/>
            </config>
            <config key="bedrooms_per_room">
                <entry key="column_name" type="xstring" value="bedrooms_per_room"/>
                <entry key="column_scale" type="xdouble" value="17.370945859543678"/>
                <entry key="column_translate" type="xdouble" value="-3.6988023536388464"/>
                <entry key="column_min" type="xdouble" value="NaN"/>
                <entry key="column_max" type="xdouble" value="NaN"/>
            </config>
            <config key="population_per_households">
                <entry key="column_name" type="xstring" value="population_per_households"/>
                <entry key="column_scale" type="xdouble" value="0.08591083534759722"/>
                <entry key="column_translate" type="xdouble" value="-0.2665922268188757"/>
                <entry key="column_min" type="xdouble" value="NaN"/>
                <entry key="column_max" type="xdouble" value="NaN"/>
            </config>
        </config>
        <entry key="summary" type="xstring" value="Z-Score (Gaussian) normalization on 12 column(s)"/>
    </config>
</config>
