<?xml version="1.0" encoding="UTF-8"?>
<config xmlns="http://www.knime.org/2008/09/XMLConfig" xmlns:xsi="http://www.w3.org/2001/XMLSchema-instance" xsi:schemaLocation="http://www.knime.org/2008/09/XMLConfig http://www.knime.org/XMLConfig_2008_09.xsd" key="model.xml">
    <entry key="version" type="xint" value="1"/>
    <entry key="class_name" type="xstring" value="org.knime.base.data.normalize.NormalizerPortObject"/>
    <config key="model">
        <config key="columns">
            <config key="longitude">
                <entry key="column_name" type="xstring" value="longitude"/>
                <entry key="column_scale" type="xdouble" value="0.4999331279010131"/>
                <entry key="column_translate" type="xdouble" value="59.7794395493136"/>
                <entry key="column_min" type="xdouble" value="NaN"/>
                <entry key="column_max" type="xdouble" value="NaN"/>
            </config>
            <config key="latitude">
                <entry key="column_name" type="xstring" value="latitude"/>
                <entry key="column_scale" type="xdouble" value="0.46410331938555616"/>
                <entry key="column_translate" type="xdouble" value="-16.54738639297672"/>
                <entry key="column_min" type="xdouble" value="NaN"/>
                <entry key="column_max" type="xdouble" value="NaN"/>
            </config>
            <config key="housing_median_age">
                <entry key="column_name" type="xstring" value="housing_median_age"/>
                <entry key="column_scale" type="xdouble" value="0.07955446678111062"/>
                <entry key="column_translate" type="xdouble" value="-2.277356103626817"/>
                <entry key="column_min" type="xdouble" value="NaN"/>
                <entry key="column_max" type="xdouble" value="NaN"/>
            </config>
            <config key="total_rooms">
                <entry key="column_name" type="xstring" value="total_rooms"/>
                <entry key="column_scale" type="xdouble" value="4.772993655196804E-4"/>
                <entry key="column_translate" type="xdouble" value="-1.2624523839781947"/>
                <entry key="column_min" type="xdouble" value="NaN"/>
                <entry key="column_max" type="xdouble" value="NaN"/>
            </config>
            <config key="total_bedrooms">
                <entry key="column_name" type="xstring" value="total_bedrooms"/>
                <entry key="column_scale" type="xdouble" value="0.002468765527078869"/>
                <entry key="column_translate" type="xdouble" value="-1.3320811239061332"/>
                <entry key="column_min" type="xdouble" value="NaN"/>
                <entry key="column_max" type="xdouble" value="NaN"/>
            </config>
            <config key="population">
                <entry key="column_name" type="xstring" value="population"/>
                <entry key="column_scale" type="xdouble" value="9.33072056829783E-4"/>
                <entry key="column_translate" type="xdouble" value="-1.328822914894769"/>
                <entry key="column_min" type="xdouble" value="NaN"/>
                <entry key="column_max" type="xdouble" value="NaN"/>
            </config>
            <config key="households">
                <entry key="column_name" type="xstring" value="households"/>
                <entry key="column_scale" type="xdouble" value="0.002701078997167479"/>
                <entry key="column_translate" type="xdouble" value="-1.3540012680447528"/>
                <entry key="column_min" type="xdouble" value="NaN"/>
                <entry key="column_max" type="xdouble" value="NaN"/>
            </config>
            <config key="median_income">
                <entry key="column_name" type="xstring" value="median_income"/>
                <entry key="column_scale" type="xdouble" value="0.5329208401323839"/>
                <entry key="column_translate" type="xdouble" value="-2.056915974915644"/>
                <entry key="column_min" type="xdouble" value="NaN"/>
                <entry key="column_max" type="xdouble" value="NaN"/>
            </config>
            <config key="ocean_proximity_encoded">
                <entry key="column_name" type="xstring" value="ocean_proximity_encoded"/>
                <entry key="column_scale" type="xdouble" value="1.7926594803579373E-5"/>
                <entry key="column_translate" type="xdouble" value="-3.708055315408242"/>
                <entry key="column_min" type="xdouble" value="NaN"/>
                <entry key="column_max" type="xdouble" value="NaN"/>
            </config>
            <config key="rooms_per_household">
                <entry key="column_name" type="xstring" value="rooms_per_household"/>
                <entry key="column_scale" type="xdouble" value="0.35031442896627135"/>
                <entry key="column_translate" type="xdouble" value="-1.9072364961465065"/>
                <entry key="column_min" type="xdouble" value="NaN"/>
                <entry key="column_max" type="xdouble" value="NaN"/>
            </config>
            <config key="bedrooms_per_room">
                <entry key="column_name" type="xstring" value="bedrooms_per_room"/>
                <entry key="column_scale" type="xdouble" value="16.772917941602593"/>
                <entry key="column_translate" type="xdouble" value="-3.580557087369232"/>
                <entry key="column_min" type="xdouble" value="NaN"/>
                <entry key="column_max" type="xdouble" value="NaN"/>
            </config>
            <config key="population_per_households">
                <entry key="column_name" type="xstring" value="population_per_households"/>
                <entry key="column_scale" type="xdouble" value="0.5942882341708543"/>
                <entry key="column_translate" type="xdouble" value="-1.7502810632435892"/>
                <entry key="column_min" type="xdouble" value="NaN"/>
                <entry key="column_max" type="xdouble" value="NaN"/>
            </config>
        </config>
        <entry key="summary" type="xstring" value="Z-Score (Gaussian) normalization on 12 column(s)"/>
    </config>
</config>
